{
  "flightCompanies": [
    {
      "id": 1,
      "name": "EgyptAir",
      "description": "Egypt's flag carrier and the oldest airline in Africa and the Arab world. Operating since 1932, EgyptAir connects Egypt to the world with modern fleet and excellent service.",
      "imageUrl": "https://i.pinimg.com/736x/c3/46/65/c3466524cb950418a8b0511ce4b0896c.jpg",
      "location": "Cairo, Egypt",
      "rating": 4
    },
    {
      "id": 2,
      "name": "Air Cairo",
      "description": "Low-cost airline subsidiary of EgyptAir, offering affordable flights across the Middle East, Europe, and Africa with reliable service.",
      "imageUrl": "https://i.pinimg.com/1200x/14/55/73/145573db09f4baf4e93ef2b34f009853.jpg",
      "location": "Cairo, Egypt",
      "rating": 3
    },
    {
      "id": 3,
      "name": "Nile Air",
      "description": "Egyptian private airline offering domestic and international flights with focus on customer comfort and competitive pricing.",
      "imageUrl": "https://upload.wikimedia.org/wikipedia/commons/5/5e/Nile_air.png",
      "location": "Cairo, Egypt",
      "rating": 4
    },
    {
      "id": 4,
      "name": "Red Sea Airlines",
      "description": "Regional carrier focusing on Red Sea coastal destinations and tourist routes, offering comfortable flights to Egypt's premier resort destinations.",
      "imageUrl": "https://encrypted-tbn0.gstatic.com/images?q=tbn:ANd9GcQ1hVV4mbxJu_uoOlRyZFZBBq0XZ2FuBjGDPQ&s",
      "location": "Hurghada, Egypt",
      "rating": 3
    },
    {
      "id": 5,
      "name": "Sphinx Airways",
      "description": "Boutique Egyptian airline providing luxury travel experiences to historical and cultural destinations across Egypt and the Mediterranean.",
      "imageUrl": "https://airportsphinx.com/wp-content/uploads/cropped-spx-logo.png",
      "location": "Luxor, Egypt",
      "rating": 5
    },
    {
      "id": 6,
      "name": "Pharaoh Airlines",
      "description": "Heritage Egyptian carrier specializing in cultural tourism flights, connecting ancient monuments and archaeological sites with modern comfort and traditional hospitality.",
      "imageUrl": "https://i.pinimg.com/736x/59/66/36/596636f49893e07c7e4964adb484ce0b.jpg",
      "location": "Cairo, Egypt",
      "rating": 4
    },
    {
      "id": 7,
      "name": "Desert Wings",
      "description": "Adventure-focused airline serving Egypt's desert destinations and oasis towns, offering unique routes to remote locations with specialized aircraft.",
      "imageUrl": "https://encrypted-tbn0.gstatic.com/images?q=tbn:ANd9GcSngTNVfAZzfbw9U8dfmc9ewMkUsXA1JVkeUQ&s",
      "location": "Alexandria, Egypt",
      "rating": 3
    },
    {
      "id": 8,
      "name": "Golden Eagle Airways",
      "description": "Premium regional airline connecting Egypt with North African destinations, known for exceptional in-flight dining and entertainment services.",
      "imageUrl": "https://www.goldeneagleaviationindia.com/golden.jpg",
      "location": "Cairo, Egypt",
      "rating": 5
    },
    {
      "id": 9,
      "name": "Mediterranean Air Egypt",
      "description": "Coastal airline specializing in Mediterranean routes and beach destinations, offering seasonal charter services and regular scheduled flights.",
      "imageUrl": "https://upload.wikimedia.org/wikipedia/en/thumb/0/08/Air_Mediterranean_logo.svg/1200px-Air_Mediterranean_logo.svg.png",
      "location": "Alexandria, Egypt",
      "rating": 4
    },
    {
      "id": 10,
      "name": "Valley of Kings Airlines",
      "description": "Luxury airline focused on Upper Egypt routes, providing premium service to Luxor, Aswan, and Abu Simbel with historical-themed aircraft interiors.",
      "imageUrl": "https://encrypted-tbn0.gstatic.com/images?q=tbn:ANd9GcRD8ps2ujUFDhHgcrgf0vpyLGRZgs_Ioju2rQ&s",
      "location": "Aswan, Egypt",
      "rating": 5
    },
    {
      "id": 11,
      "name": "Sinai Express",
      "description": "Regional carrier serving the Sinai Peninsula with frequent flights to beach resorts and mountain destinations, known for punctuality and affordable fares.",
      "imageUrl": "https://images.seeklogo.com/logo-png/27/1/air-sinai-logo-png_seeklogo-275564.png",
      "location": "Sharm El-Sheikh, Egypt",
      "rating": 3
    },
    {
      "id": 12,
      "name": "Cairo Sky",
      "description": "Modern domestic airline offering high-frequency flights between major Egyptian cities with contemporary aircraft and digital services.",
      "imageUrl": "https://encrypted-tbn0.gstatic.com/images?q=tbn:ANd9GcQfUITlHshAY9e9F2A1U9qmdabntHwAnk7I1w&s",
      "location": "Cairo, Egypt",
      "rating": 4
    },
    {
      "id": 13,
      "name": "Nile Delta Airways",
      "description": "Regional airline serving the fertile Nile Delta region and connecting smaller Egyptian cities with the capital, emphasizing community service.",
      "imageUrl": "https://www.nicepng.com/png/detail/64-644233_delta-airlines-logo-delta-airlines.png",
      "location": "Tanta, Egypt",
      "rating": 3
    }
  ],
  "flights": [
    {
      "id": 1,
      "departureTime": "2025-08-15T08:00:00Z",
      "arrivalTime": "2025-08-15T09:30:00Z",
      "economySeats": 150,
      "businessSeats": 20,
      "firstClassSeats": 8,
      "economyPrice": 180.00,
      "businessPrice": 450.00,
      "firstClassPrice": 800.00,
      "departureAirport": "CAI - Cairo International Airport",
      "arrivalAirport": "HRG - Hurghada International Airport",
      "flightCompanyId": 1
    },
    {
      "id": 2,
      "departureTime": "2025-08-15T14:30:00Z",
      "arrivalTime": "2025-08-15T16:00:00Z",
      "economySeats": 120,
      "businessSeats": 16,
      "firstClassSeats": 6,
      "economyPrice": 200.00,
      "businessPrice": 500.00,
      "firstClassPrice": 900.00,
      "departureAirport": "CAI - Cairo International Airport",
      "arrivalAirport": "LXR - Luxor International Airport",
      "flightCompanyId": 1
    },
    {
      "id": 3,
      "departureTime": "2025-08-16T10:15:00Z",
      "arrivalTime": "2025-08-16T12:45:00Z",
      "economySeats": 140,
      "businessSeats": 18,
      "firstClassSeats": 6,
      "economyPrice": 220.00,
      "businessPrice": 520.00,
      "firstClassPrice": 950.00,
      "departureAirport": "CAI - Cairo International Airport",
      "arrivalAirport": "SSH - Sharm El-Sheikh International Airport",
      "flightCompanyId": 2
    },
    {
      "id": 4,
      "departureTime": "2025-08-16T16:20:00Z",
      "arrivalTime": "2025-08-16T17:40:00Z",
      "economySeats": 110,
      "businessSeats": 14,
      "firstClassSeats": 4,
      "economyPrice": 160.00,
      "businessPrice": 400.00,
      "firstClassPrice": 720.00,
      "departureAirport": "CAI - Cairo International Airport",
      "arrivalAirport": "ASW - Aswan International Airport",
      "flightCompanyId": 3
    },
    {
      "id": 5,
      "departureTime": "2025-08-17T07:30:00Z",
      "arrivalTime": "2025-08-17T09:15:00Z",
      "economySeats": 160,
      "businessSeats": 22,
      "firstClassSeats": 8,
      "economyPrice": 190.00,
      "businessPrice": 480.00,
      "firstClassPrice": 850.00,
      "departureAirport": "CAI - Cairo International Airport",
      "arrivalAirport": "RMF - Marsa Alam International Airport",
      "flightCompanyId": 4
    },
    {
      "id": 6,
      "departureTime": "2025-08-17T12:00:00Z",
      "arrivalTime": "2025-08-17T13:20:00Z",
      "economySeats": 100,
      "businessSeats": 12,
      "firstClassSeats": 4,
      "economyPrice": 150.00,
      "businessPrice": 380.00,
      "firstClassPrice": 680.00,
      "departureAirport": "HRG - Hurghada International Airport",
      "arrivalAirport": "LXR - Luxor International Airport",
      "flightCompanyId": 5
    },
    {
      "id": 7,
      "departureTime": "2025-08-18T09:45:00Z",
      "arrivalTime": "2025-08-18T11:15:00Z",
      "economySeats": 130,
      "businessSeats": 16,
      "firstClassSeats": 6,
      "economyPrice": 170.00,
      "businessPrice": 420.00,
      "firstClassPrice": 750.00,
      "departureAirport": "SSH - Sharm El-Sheikh International Airport",
      "arrivalAirport": "HRG - Hurghada International Airport",
      "flightCompanyId": 4
    },
    {
      "id": 8,
      "departureTime": "2025-08-18T15:30:00Z",
      "arrivalTime": "2025-08-18T16:45:00Z",
      "economySeats": 90,
      "businessSeats": 10,
      "firstClassSeats": 4,
      "economyPrice": 140.00,
      "businessPrice": 350.00,
      "firstClassPrice": 620.00,
      "departureAirport": "LXR - Luxor International Airport",
      "arrivalAirport": "ASW - Aswan International Airport",
      "flightCompanyId": 5
    },
    {
      "id": 9,
      "departureTime": "2025-08-19T11:00:00Z",
      "arrivalTime": "2025-08-19T12:30:00Z",
      "economySeats": 140,
      "businessSeats": 18,
      "firstClassSeats": 6,
      "economyPrice": 185.00,
      "businessPrice": 460.00,
      "firstClassPrice": 820.00,
      "departureAirport": "RMF - Marsa Alam International Airport",
      "arrivalAirport": "CAI - Cairo International Airport",
      "flightCompanyId": 4
    },
    {
      "id": 10,
      "departureTime": "2025-08-19T17:15:00Z",
      "arrivalTime": "2025-08-19T18:45:00Z",
      "economySeats": 120,
      "businessSeats": 15,
      "firstClassSeats": 5,
      "economyPrice": 175.00,
      "businessPrice": 440.00,
      "firstClassPrice": 780.00,
      "departureAirport": "ASW - Aswan International Airport",
      "arrivalAirport": "CAI - Cairo International Airport",
      "flightCompanyId": 3
    },
    {
      "id": 11,
      "departureTime": "2025-08-20T06:30:00Z",
      "arrivalTime": "2025-08-20T08:00:00Z",
      "economySeats": 160,
      "businessSeats": 20,
      "firstClassSeats": 8,
      "economyPrice": 195.00,
      "businessPrice": 490.00,
      "firstClassPrice": 870.00,
      "departureAirport": "HRG - Hurghada International Airport",
      "arrivalAirport": "CAI - Cairo International Airport",
      "flightCompanyId": 1
    },
    {
      "id": 12,
      "departureTime": "2025-08-20T13:45:00Z",
      "arrivalTime": "2025-08-20T15:15:00Z",
      "economySeats": 140,
      "businessSeats": 18,
      "firstClassSeats": 6,
      "economyPrice": 210.00,
      "businessPrice": 530.00,
      "firstClassPrice": 940.00,
      "departureAirport": "SSH - Sharm El-Sheikh International Airport",
      "arrivalAirport": "CAI - Cairo International Airport",
      "flightCompanyId": 2
    },
    {
      "id": 13,
      "departureTime": "2025-08-21T08:20:00Z",
      "arrivalTime": "2025-08-21T09:50:00Z",
      "economySeats": 130,
      "businessSeats": 16,
      "firstClassSeats": 6,
      "economyPrice": 200.00,
      "businessPrice": 500.00,
      "firstClassPrice": 890.00,
      "departureAirport": "LXR - Luxor International Airport",
      "arrivalAirport": "CAI - Cairo International Airport",
      "flightCompanyId": 5
    },
    {
      "id": 14,
      "departureTime": "2025-08-21T14:10:00Z",
      "arrivalTime": "2025-08-21T16:25:00Z",
      "economySeats": 110,
      "businessSeats": 14,
      "firstClassSeats": 4,
      "economyPrice": 180.00,
      "businessPrice": 450.00,
      "firstClassPrice": 800.00,
      "departureAirport": "SSH - Sharm El-Sheikh International Airport",
      "arrivalAirport": "LXR - Luxor International Airport",
      "flightCompanyId": 3
    },
    {
      "id": 15,
      "departureTime": "2025-08-22T10:30:00Z",
      "arrivalTime": "2025-08-22T12:45:00Z",
      "economySeats": 150,
      "businessSeats": 20,
      "firstClassSeats": 8,
      "economyPrice": 220.00,
      "businessPrice": 550.00,
      "firstClassPrice": 980.00,
      "departureAirport": "HRG - Hurghada International Airport",
      "arrivalAirport": "SSH - Sharm El-Sheikh International Airport",
      "flightCompanyId": 4
    },
    {
      "id": 16,
      "departureTime": "2025-08-22T16:00:00Z",
      "arrivalTime": "2025-08-22T17:30:00Z",
      "economySeats": 100,
      "businessSeats": 12,
      "firstClassSeats": 4,
      "economyPrice": 160.00,
      "businessPrice": 400.00,
      "firstClassPrice": 710.00,
      "departureAirport": "ASW - Aswan International Airport",
      "arrivalAirport": "HRG - Hurghada International Airport",
      "flightCompanyId": 1
    },
    {
      "id": 17,
      "departureTime": "2025-08-23T07:45:00Z",
      "arrivalTime": "2025-08-23T09:30:00Z",
      "economySeats": 120,
      "businessSeats": 15,
      "firstClassSeats": 5,
      "economyPrice": 190.00,
      "businessPrice": 475.00,
      "firstClassPrice": 840.00,
      "departureAirport": "RMF - Marsa Alam International Airport",
      "arrivalAirport": "SSH - Sharm El-Sheikh International Airport",
      "flightCompanyId": 2
    },
    {
      "id": 18,
      "departureTime": "2025-08-23T13:20:00Z",
      "arrivalTime": "2025-08-23T15:05:00Z",
      "economySeats": 140,
      "businessSeats": 18,
      "firstClassSeats": 6,
      "economyPrice": 210.00,
      "businessPrice": 520.00,
      "firstClassPrice": 920.00,
      "departureAirport": "CAI - Cairo International Airport",
      "arrivalAirport": "HRG - Hurghada International Airport",
      "flightCompanyId": 3
    },
    {
      "id": 19,
      "departureTime": "2025-08-24T09:15:00Z",
      "arrivalTime": "2025-08-24T11:00:00Z",
      "economySeats": 130,
      "businessSeats": 16,
      "firstClassSeats": 6,
      "economyPrice": 200.00,
      "businessPrice": 500.00,
      "firstClassPrice": 880.00,
      "departureAirport": "LXR - Luxor International Airport",
      "arrivalAirport": "SSH - Sharm El-Sheikh International Airport",
      "flightCompanyId": 5
    },
    {
      "id": 20,
      "departureTime": "2025-08-24T15:50:00Z",
      "arrivalTime": "2025-08-24T17:20:00Z",
      "economySeats": 110,
      "businessSeats": 14,
      "firstClassSeats": 4,
      "economyPrice": 170.00,
      "businessPrice": 425.00,
      "firstClassPrice": 760.00,
      "departureAirport": "HRG - Hurghada International Airport",
      "arrivalAirport": "ASW - Aswan International Airport",
      "flightCompanyId": 4
    },
    {
      "id": 21,
      "departureTime": "2025-08-25T08:30:00Z",
      "arrivalTime": "2025-08-25T10:15:00Z",
      "economySeats": 80,
      "businessSeats": 12,
      "firstClassSeats": 8,
      "economyPrice": 320.00,
      "businessPrice": 780.00,
      "firstClassPrice": 1450.00,
      "departureAirport": "CAI - Cairo International Airport",
      "arrivalAirport": "LXR - Luxor International Airport",
      "flightCompanyId": 6
    },
    {
      "id": 22,
      "departureTime": "2025-08-25T12:45:00Z",
      "arrivalTime": "2025-08-25T14:00:00Z",
      "economySeats": 60,
      "businessSeats": 8,
      "firstClassSeats": 4,
      "economyPrice": 280.00,
      "businessPrice": 650.00,
      "firstClassPrice": 1200.00,
      "departureAirport": "CAI - Cairo International Airport",
      "arrivalAirport": "HRG - Hurghada International Airport",
      "flightCompanyId": 7
    },
    {
      "id": 23,
      "departureTime": "2025-08-26T07:00:00Z",
      "arrivalTime": "2025-08-26T08:45:00Z",
      "economySeats": 120,
      "businessSeats": 20,
      "firstClassSeats": 12,
      "economyPrice": 380.00,
      "businessPrice": 920.00,
      "firstClassPrice": 1800.00,
      "departureAirport": "CAI - Cairo International Airport",
      "arrivalAirport": "SSH - Sharm El-Sheikh International Airport",
      "flightCompanyId": 8
    },
    {
      "id": 24,
      "departureTime": "2025-08-26T14:20:00Z",
      "arrivalTime": "2025-08-26T15:35:00Z",
      "economySeats": 90,
      "businessSeats": 14,
      "firstClassSeats": 6,
      "economyPrice": 240.00,
      "businessPrice": 580.00,
      "firstClassPrice": 1050.00,
      "departureAirport": "HRG - Hurghada International Airport",
      "arrivalAirport": "SSH - Sharm El-Sheikh International Airport",
      "flightCompanyId": 9
    },
    {
      "id": 25,
      "departureTime": "2025-08-27T09:30:00Z",
      "arrivalTime": "2025-08-27T10:50:00Z",
      "economySeats": 70,
      "businessSeats": 10,
      "firstClassSeats": 8,
      "economyPrice": 450.00,
      "businessPrice": 1100.00,
      "firstClassPrice": 2200.00,
      "departureAirport": "LXR - Luxor International Airport",
      "arrivalAirport": "ASW - Aswan International Airport",
      "flightCompanyId": 10
    },
    {
      "id": 26,
      "departureTime": "2025-08-27T16:15:00Z",
      "arrivalTime": "2025-08-27T17:45:00Z",
      "economySeats": 100,
      "businessSeats": 12,
      "firstClassSeats": 4,
      "economyPrice": 190.00,
      "businessPrice": 460.00,
      "firstClassPrice": 820.00,
      "departureAirport": "SSH - Sharm El-Sheikh International Airport",
      "arrivalAirport": "HRG - Hurghada International Airport",
      "flightCompanyId": 11
    },
    {
      "id": 27,
      "departureTime": "2025-08-28T11:00:00Z",
      "arrivalTime": "2025-08-28T12:30:00Z",
      "economySeats": 140,
      "businessSeats": 18,
      "firstClassSeats": 6,
      "economyPrice": 210.00,
      "businessPrice": 510.00,
      "firstClassPrice": 920.00,
      "departureAirport": "CAI - Cairo International Airport",
      "arrivalAirport": "HRG - Hurghada International Airport",
      "flightCompanyId": 12
    },
    {
      "id": 28,
      "departureTime": "2025-08-28T18:45:00Z",
      "arrivalTime": "2025-08-28T20:00:00Z",
      "economySeats": 80,
      "businessSeats": 10,
      "firstClassSeats": 4,
      "economyPrice": 170.00,
      "businessPrice": 410.00,
      "firstClassPrice": 730.00,
      "departureAirport": "CAI - Cairo International Airport",
      "arrivalAirport": "LXR - Luxor International Airport",
      "flightCompanyId": 13
    }
  ]
}
